,0,1,accuracy,macro avg,weighted avg,name,best_params
0,"{'precision': 0.9872871192132406, 'recall': 0.9760493241640977, 'f1-score': 0.9816360601001669, 'support': 4217.0}","{'precision': 0.6644518272425249, 'recall': 0.7905138339920948, 'f1-score': 0.7220216606498195, 'support': 253.0}",0.9655480984340045,"{'precision': 0.8258694732278828, 'recall': 0.8832815790780963, 'f1-score': 0.8518288603749933, 'support': 4470.0}","{'precision': 0.969014786133019, 'recall': 0.9655480984340045, 'f1-score': 0.9669420012498451, 'support': 4470.0}",SVM_rbf,"{'C': 10, 'gamma': 'scale', 'kernel': 'rbf'}"
